timestamp,temperature,humidity
2024-07-29T10:37:58,27.11,97.27
2024-07-29T10:40:30,27.04,98.2
2024-07-29T10:43:02,26.98,97.73
2024-07-29T10:45:34,26.93,97.37
2024-07-29T10:48:06,26.49,96.05
2024-07-29T10:50:38,26.18,98.89
2024-07-29T10:53:09,26.25,98.07
2024-07-29T10:55:41,26.04,98.1
2024-07-29T10:58:13,25.98,97.6
2024-07-29T11:00:45,25.95,99.71
2024-07-29T11:03:17,26.55,100.0
2024-07-29T11:05:48,26.98,96.89
2024-07-29T11:08:20,27.0,96.65
2024-07-29T11:10:52,27.91,98.45
2024-07-29T11:13:23,28.68,100.0
2024-07-29T11:15:55,29.08,99.1
2024-07-29T11:18:27,29.82,93.37
2024-07-29T11:20:59,30.62,92.89
2024-07-29T11:23:31,31.45,99.06
2024-07-29T11:26:03,31.73,98.55
2024-07-29T11:28:35,31.83,98.4
2024-07-29T11:31:07,31.85,97.69
2024-07-29T11:33:39,32.17,98.55
2024-07-29T11:36:11,32.03,90.99
2024-07-29T11:38:42,32.32,94.56
2024-07-29T11:41:14,32.55,95.71
2024-07-29T11:43:46,32.9,97.21
2024-07-29T11:46:18,33.13,96.06
2024-07-29T11:48:50,33.45,96.91
2024-07-29T11:51:22,33.51,98.78
2024-07-29T11:53:54,33.53,99.41
2024-07-29T11:56:26,32.88,97.93
2024-07-29T11:58:57,32.68,99.8
2024-07-29T12:01:29,32.29,99.53
2024-07-29T12:04:01,32.39,99.87
2024-07-29T12:06:33,31.42,95.17
2024-07-29T12:09:05,31.52,100.0
2024-07-29T12:11:37,30.96,100.0
2024-07-29T12:14:09,30.01,100.0
2024-07-29T12:16:42,29.98,97.11
2024-07-30T17:01:43,21.47,96.76
2024-07-30T17:04:15,21.73,98.02
2024-07-30T17:06:46,21.66,97.33
2024-07-30T17:09:18,21.68,97.16
2024-07-30T17:11:50,21.61,98.62
2024-07-30T17:14:21,21.54,98.88
2024-07-30T17:16:53,21.84,98.16
2024-07-30T17:19:25,22.48,96.94
2024-07-30T17:21:56,23.5,92.39
2024-07-30T17:24:28,23.96,91.77
2024-07-30T17:27:00,24.04,91.12
2024-07-30T17:29:31,25.15,86.96
2024-07-30T17:32:03,26.18,87.62
2024-07-30T17:34:35,26.84,85.29
2024-07-30T17:37:06,26.79,84.05
2024-07-30T17:39:38,26.69,82.93
2024-07-30T17:42:10,26.96,84.89
2024-07-30T17:44:41,27.62,86.36
2024-07-30T17:47:13,28.17,84.55
2024-07-30T17:49:45,28.28,83.54
2024-07-30T17:52:16,27.59,80.71
2024-07-30T17:54:48,26.31,90.67
2024-07-30T17:57:20,26.98,85.16
2024-07-30T17:59:57,27.84,79.8
2024-07-30T18:02:29,27.22,81.54
2024-07-30T18:05:01,26.67,84.47
2024-07-30T18:07:33,27.97,79.77
2024-07-30T18:10:04,28.91,74.76
2024-07-30T18:12:36,28.88,71.23
2024-07-30T18:15:08,28.82,75.02
2024-07-30T18:17:39,29.52,75.12
2024-07-30T18:20:11,28.79,75.65
2024-07-30T18:22:43,28.79,75.46
2024-07-30T18:25:15,28.97,76.55
2024-07-30T18:27:46,29.11,71.66
2024-07-30T18:30:18,28.94,78.34
2024-07-30T18:32:49,27.93,80.06
2024-07-30T18:35:21,27.56,82.54
2024-07-30T18:37:53,26.97,96.24
2024-07-30T18:40:24,26.51,87.02
2024-07-30T18:42:56,26.69,87.59
2024-07-30T18:45:28,25.83,86.06
2024-07-30T18:48:00,25.75,87.52
2024-07-30T18:50:31,25.55,91.86
2024-07-30T18:53:03,25.74,94.24
2024-07-30T18:55:35,25.97,93.69
2024-07-30T18:58:06,26.15,88.91
2024-07-30T19:00:38,26.05,89.5
2024-07-30T19:03:09,25.94,89.59
2024-07-30T19:05:41,26.01,88.02
2024-07-30T19:08:13,25.57,85.78
2024-07-30T19:10:45,25.64,86.79
2024-07-30T19:13:17,25.39,89.25
2024-07-30T19:15:48,25.45,90.25
2024-07-30T19:18:20,25.55,90.8
2024-07-30T19:20:51,25.74,93.76
2024-07-30T19:23:23,25.95,94.96
2024-07-30T19:25:55,25.67,89.84
2024-07-30T19:28:27,24.23,91.11
2024-07-30T19:30:59,24.8,98.0
2024-07-30T19:33:30,24.67,95.51
2024-07-30T19:36:02,24.18,96.64
2024-07-30T19:38:34,24.57,99.78
2024-07-30T19:41:06,24.51,96.78
2024-07-30T19:43:37,23.99,88.14
2024-07-30T19:46:09,24.08,79.66
2024-07-30T19:48:40,23.78,91.59
2024-07-30T19:51:12,23.0,89.79
2024-07-30T19:53:44,22.54,100.0
2024-07-30T19:56:16,22.44,100.0
2024-07-30T19:58:47,22.12,100.0
2024-07-30T20:01:19,21.89,100.0
2024-07-30T20:03:51,21.74,99.73
2024-07-30T20:06:23,21.46,100.0
2024-07-30T20:08:57,20.98,99.35
2024-07-30T20:11:29,21.1,100.0
2024-07-30T20:14:01,20.92,100.0
2024-07-30T20:16:33,20.8,100.0
2024-07-30T20:19:04,20.59,100.0
2024-07-30T20:21:36,20.51,100.0
2024-07-30T20:24:08,20.37,97.24
2024-07-30T20:26:40,20.28,100.0
2024-07-30T20:29:11,19.53,93.26
2024-07-30T20:31:43,19.45,94.44
2024-07-30T20:34:15,19.15,100.0
2024-07-30T20:36:46,17.98,100.0
2024-07-30T20:39:18,17.46,100.0
2024-07-30T20:41:50,17.04,100.0
2024-07-30T20:44:22,16.92,100.0
2024-07-30T20:46:53,16.76,100.0
2024-07-30T20:49:25,16.74,100.0
2024-07-30T20:51:57,16.73,100.0
2024-07-30T20:54:28,16.81,100.0
2024-07-30T20:57:00,16.97,100.0
2024-07-30T20:59:32,17.05,100.0
2024-07-30T21:02:03,17.14,100.0
2024-07-30T21:04:35,17.24,100.0
2024-07-30T21:07:07,17.2,100.0
2024-07-30T21:09:38,17.17,100.0
2024-07-31T13:02:50,17.29,100.0
2024-07-31T13:05:22,17.16,100.0
2024-07-31T13:07:54,17.14,100.0
2024-07-31T13:10:25,17.06,100.0
2024-07-31T13:12:58,17.19,100.0
2024-07-31T13:15:30,17.24,100.0
2024-07-31T13:18:01,17.39,100.0
2024-07-31T13:20:33,17.13,100.0
2024-07-31T13:23:04,17.34,100.0
2024-07-31T13:25:36,17.56,100.0
2024-07-31T13:28:08,17.71,100.0
2024-07-31T13:30:40,17.81,100.0
2024-07-31T13:33:11,17.8,100.0
2024-07-31T13:35:43,17.73,100.0
2024-07-31T13:38:14,17.78,100.0
2024-07-31T13:40:46,17.84,100.0
2024-07-31T13:43:18,18.03,100.0
2024-07-31T13:45:49,18.13,100.0
2024-07-31T13:48:21,18.25,100.0
2024-07-31T13:50:52,18.16,100.0
2024-07-31T17:31:48,25.28,62.9
2024-08-03T10:18:01,23.0,100.0
2024-08-03T10:20:33,22.57,100.0
2024-08-03T10:23:04,22.76,100.0
2024-08-03T10:25:36,22.19,100.0
2024-08-03T10:28:07,22.91,100.0
2024-08-03T10:30:39,25.34,100.0
2024-08-03T10:33:10,27.3,100.0
2024-08-03T10:35:41,28.51,100.0
2024-08-03T10:38:13,28.2,100.0
2024-08-03T10:40:44,27.83,100.0
2024-08-03T10:43:16,27.47,100.0
2024-08-03T10:45:47,26.46,100.0
2024-08-03T10:48:18,25.48,100.0
2024-08-03T10:50:50,24.8,100.0
2024-08-03T10:53:21,24.2,100.0
2024-08-03T10:55:52,23.73,100.0
2024-08-03T10:58:24,23.74,100.0
2024-08-03T11:00:55,24.0,100.0
2024-08-03T11:03:27,24.82,100.0
2024-08-03T11:05:58,25.07,100.0
2024-08-03T11:08:29,26.6,100.0
2024-08-03T11:11:01,27.56,100.0
2024-08-03T11:13:32,28.16,100.0
2024-08-03T11:16:04,28.42,100.0
2024-08-03T11:18:35,28.49,100.0
2024-08-03T11:21:06,27.74,100.0
2024-08-03T11:23:38,26.64,100.0
2024-08-03T11:26:09,25.91,100.0
2024-08-03T11:28:41,25.44,100.0
2024-08-03T11:31:12,25.49,100.0
2024-08-03T11:33:44,25.18,100.0
2024-08-03T11:36:16,24.58,100.0
2024-08-03T11:38:47,24.12,100.0
2024-08-03T11:41:19,23.63,100.0
2024-08-03T11:43:50,23.58,100.0
2024-08-03T11:46:22,23.79,100.0
2024-08-03T11:48:53,24.15,100.0
2024-08-03T11:51:24,24.27,100.0
2024-08-03T11:53:56,24.14,100.0
2024-08-03T11:56:27,24.26,100.0
2024-08-03T11:58:59,24.17,100.0
2024-08-03T12:01:30,23.89,100.0
2024-08-03T12:04:02,23.79,100.0
2024-08-03T12:06:33,23.72,100.0
2024-08-03T12:09:04,23.56,100.0
2024-08-03T12:11:36,23.5,100.0
2024-08-03T12:14:07,23.46,100.0
2024-08-03T12:16:39,23.45,100.0
2024-08-03T12:19:10,23.46,100.0
2024-08-03T12:21:42,23.42,100.0
2024-08-03T12:24:13,23.25,100.0
2024-08-03T12:26:45,23.11,100.0
2024-08-03T12:29:16,23.06,100.0
2024-08-03T12:31:47,23.19,100.0
2024-08-03T12:34:19,23.31,100.0
2024-08-03T12:36:50,23.48,100.0
2024-08-03T12:39:22,23.63,100.0
2024-08-03T12:41:53,23.93,100.0
2024-08-03T12:44:25,24.58,100.0
2024-08-03T12:46:56,24.95,100.0
2024-08-03T12:49:27,25.66,100.0
2024-08-03T12:51:59,26.11,100.0
2024-08-03T12:54:30,25.76,100.0
2024-08-03T12:57:02,25.6,100.0
2024-08-03T12:59:33,25.21,100.0
2024-08-03T13:02:05,25.32,100.0
2024-08-03T13:04:37,25.28,100.0
2024-08-03T13:07:08,25.46,100.0
2024-08-03T13:09:39,25.96,100.0
2024-08-03T13:12:10,26.62,100.0
2024-08-03T13:14:42,27.08,100.0
2024-08-03T13:17:13,26.65,100.0
2024-08-03T13:19:44,26.43,100.0
2024-08-03T13:22:16,26.42,100.0
2024-08-03T13:24:47,26.57,100.0
2024-08-03T13:27:19,26.61,100.0
2024-08-03T13:29:50,26.6,100.0
2024-08-03T13:32:21,26.77,100.0
2024-08-03T13:34:53,26.81,100.0
2024-08-03T13:37:24,26.76,100.0
2024-08-03T13:39:56,26.63,100.0
2024-08-03T13:42:27,26.42,100.0
2024-08-03T13:44:59,26.11,100.0
2024-08-03T13:47:30,26.02,100.0
2024-08-03T13:50:02,25.71,100.0
2024-08-03T13:52:33,25.42,100.0
2024-08-03T13:55:04,25.39,100.0
2024-08-03T13:57:36,25.35,100.0
2024-08-03T14:00:07,25.31,100.0
2024-08-03T14:02:39,25.51,100.0
2024-08-03T14:05:10,25.42,100.0
2024-08-03T14:07:42,25.08,100.0
2024-08-03T14:10:13,24.71,100.0
2024-08-03T14:12:45,24.26,100.0
2024-08-03T14:15:16,23.96,100.0
2024-08-03T14:17:47,23.73,100.0
2024-08-03T14:20:19,23.59,100.0
2024-08-03T14:22:50,23.4,100.0
2024-08-03T14:25:22,23.35,100.0
2024-08-03T14:27:53,23.38,100.0
2024-08-03T14:30:25,23.83,100.0
2024-08-03T14:32:56,24.3,100.0
2024-08-03T14:35:27,24.49,100.0
2024-08-03T14:37:59,25.12,100.0
2024-08-03T14:40:30,25.45,100.0
2024-08-03T14:43:02,25.73,100.0
2024-08-03T14:45:33,25.99,100.0
2024-08-03T14:48:04,26.07,100.0
2024-08-03T14:50:36,26.55,98.9
2024-08-03T14:53:07,26.93,100.0
2024-08-03T14:55:39,27.35,97.38
2024-08-03T14:58:11,27.39,99.55
2024-08-03T15:00:42,26.74,98.02
2024-08-03T15:03:14,27.06,99.24
2024-08-03T15:05:45,27.34,84.49
2024-08-03T15:08:16,27.67,87.96
2024-08-03T15:10:48,28.03,92.8
2024-08-03T15:13:19,27.94,90.26
2024-08-03T15:15:51,28.17,86.94
2024-08-03T15:18:22,28.3,82.07
2024-08-03T15:20:54,28.42,87.68
2024-08-03T15:23:25,28.42,90.52
2024-08-03T15:25:56,28.67,87.51
2024-08-03T15:28:28,28.75,82.17
2024-08-03T15:30:59,28.72,84.3
2024-08-03T15:33:31,28.89,85.29
2024-08-03T15:36:02,27.37,100.0
2024-08-03T15:38:34,27.42,100.0
2024-08-03T15:41:05,26.84,100.0
2024-08-03T15:43:37,26.46,100.0
2024-08-03T15:46:08,26.17,100.0
2024-08-03T15:48:40,26.38,100.0
2024-08-03T15:51:11,26.64,100.0
2024-08-03T15:53:42,26.09,100.0
2024-08-03T15:56:14,25.82,100.0
2024-08-03T15:58:45,25.7,100.0
2024-08-03T16:01:17,26.91,100.0
2024-08-03T16:03:48,27.85,100.0
2024-08-03T16:06:20,28.48,98.97
2024-08-03T16:08:51,29.06,96.66
2024-08-03T16:11:22,29.54,94.73
2024-08-03T16:13:54,29.8,95.79
2024-08-03T16:16:25,28.87,100.0
2024-08-03T16:18:56,27.84,100.0
2024-08-03T16:21:28,27.11,100.0
2024-08-03T16:23:59,26.68,100.0
2024-08-03T16:26:31,26.32,100.0
2024-08-03T16:29:02,25.93,100.0
2024-08-03T16:31:33,25.56,100.0
2024-08-03T16:34:05,25.38,100.0
2024-08-03T16:36:36,25.18,100.0
2024-08-03T16:39:08,24.86,100.0
2024-08-03T16:41:39,24.65,100.0
2024-08-03T16:44:10,24.5,100.0
2024-08-03T16:46:42,24.41,100.0
2024-08-03T16:49:13,24.39,100.0
2024-08-03T16:51:45,24.67,100.0
2024-08-03T16:54:16,24.81,100.0
2024-08-03T16:57:00,24.89,100.0
2024-08-03T16:59:31,26.28,99.47
2024-08-03T17:02:03,27.26,99.0
2024-08-03T17:04:34,27.83,100.0
2024-08-03T17:07:06,28.15,100.0
2024-08-03T17:09:37,28.46,100.0
2024-08-03T17:12:09,28.72,100.0
2024-08-03T17:14:40,28.97,100.0
2024-08-03T17:17:12,29.32,100.0
2024-08-03T17:19:43,29.6,100.0
2024-08-03T17:22:15,29.7,100.0
2024-08-03T17:24:46,30.03,97.61
2024-08-03T17:27:18,30.08,96.53
2024-08-03T17:29:49,28.8,97.97
2024-08-03T17:32:21,28.7,99.28
2024-08-03T17:34:52,29.5,97.23
2024-08-03T17:37:34,29.38,94.85
2024-08-03T17:40:05,29.66,98.51
2024-08-03T17:42:37,30.05,96.1
2024-08-03T17:45:08,30.52,94.64
2024-08-03T17:47:40,30.87,90.24
2024-08-03T17:50:11,28.7,97.56
2024-08-03T17:52:43,28.62,96.38
2024-08-03T17:55:14,27.95,98.69
2024-08-03T17:57:45,28.48,97.0
2024-08-03T18:00:17,30.05,89.55
2024-08-03T18:02:49,29.89,89.77
2024-08-03T18:05:20,28.89,89.81
2024-08-03T18:07:52,28.58,92.68
2024-08-03T18:10:23,28.43,92.39
2024-08-03T18:12:54,26.99,97.46
2024-08-03T18:15:26,26.21,100.0
2024-08-03T18:17:57,25.54,100.0
2024-08-03T18:20:29,25.11,100.0
2024-08-03T18:23:00,24.95,100.0
2024-08-03T18:25:31,24.58,100.0
2024-08-03T18:28:03,24.3,100.0
2024-08-03T18:30:35,24.23,100.0
2024-08-03T18:33:06,24.06,100.0
2024-08-03T18:35:37,24.65,100.0
2024-08-03T18:38:09,24.75,100.0
2024-08-03T18:40:40,24.57,100.0
2024-08-03T18:43:12,24.61,100.0
2024-08-03T18:45:43,24.65,100.0
2024-08-03T18:48:14,24.53,100.0
2024-08-03T18:50:46,24.34,100.0
2024-08-03T18:53:17,24.18,100.0
2024-08-03T18:55:49,23.86,100.0
2024-08-03T18:58:20,24.16,100.0
2024-08-03T19:00:52,24.92,100.0
2024-08-03T19:03:23,25.44,97.88
2024-08-03T19:05:55,25.86,95.23
2024-08-03T19:08:26,26.13,100.0
2024-08-03T19:10:58,26.43,100.0
2024-08-03T19:13:29,25.77,100.0
2024-08-03T19:16:00,25.7,100.0
2024-08-03T19:18:32,25.93,100.0
2024-08-03T19:21:03,25.34,100.0
2024-08-03T19:23:35,24.48,100.0
2024-08-03T19:26:06,23.74,100.0
2024-08-03T19:28:38,23.17,100.0
2024-08-03T19:31:09,22.76,100.0
2024-08-03T19:33:41,22.42,100.0
2024-08-03T19:36:12,22.12,100.0
2024-08-03T19:38:44,21.87,100.0
2024-08-03T19:41:15,21.6,100.0
2024-08-03T19:43:46,21.49,100.0
2024-08-03T19:46:18,21.36,100.0
2024-08-03T19:48:49,21.21,100.0
2024-08-03T19:51:21,21.14,100.0
2024-08-03T19:53:53,21.05,100.0
2024-08-03T19:56:24,20.98,100.0
2024-08-03T19:58:56,20.86,100.0
2024-08-03T20:01:27,20.8,100.0
2024-08-03T20:03:59,20.75,100.0
2024-08-03T20:06:30,20.67,100.0
2024-08-03T20:09:01,20.61,100.0
2024-08-03T20:11:33,20.51,100.0
2024-08-03T20:14:04,20.48,100.0
2024-08-03T20:16:36,20.4,100.0
2024-08-03T20:19:07,20.29,100.0
2024-08-03T20:21:38,20.25,100.0
2024-08-03T20:24:10,20.15,100.0
2024-08-03T20:26:41,20.11,100.0
2024-08-03T20:29:13,20.03,100.0
2024-08-03T20:31:44,19.94,100.0
2024-08-03T20:34:16,19.92,100.0
2024-08-03T20:36:47,19.94,100.0
2024-08-03T20:39:19,19.89,100.0
2024-08-03T20:41:50,19.87,100.0
2024-08-03T20:44:22,19.81,100.0
2024-08-03T20:46:53,19.78,100.0
2024-08-03T20:49:25,19.7,100.0
2024-08-03T20:51:56,19.61,100.0
2024-08-03T20:54:28,19.53,100.0
2024-08-03T20:56:59,19.41,100.0
2024-08-03T20:59:30,19.38,100.0
2024-08-03T21:02:02,19.26,100.0
2024-08-03T21:04:34,19.2,100.0
2024-08-03T21:07:05,19.06,100.0
2024-08-03T21:09:37,19.02,100.0
2024-08-03T21:12:08,18.97,100.0
2024-08-03T21:14:39,18.92,100.0
2024-08-03T21:17:11,18.84,100.0
2024-08-03T21:19:42,18.79,100.0
2024-08-03T21:22:14,18.69,100.0
2024-08-03T21:24:45,18.57,100.0
2024-08-03T21:27:17,18.4,100.0
2024-08-03T21:29:48,18.27,100.0
2024-08-03T21:32:19,18.11,100.0
2024-08-03T21:34:51,18.0,100.0
2024-08-03T21:37:22,17.9,100.0
2024-08-03T21:39:54,17.78,100.0
2024-08-03T21:42:25,17.64,100.0
2024-08-03T21:44:57,17.52,100.0
2024-08-03T21:47:28,17.52,100.0
2024-08-03T21:50:00,17.39,100.0
2024-08-03T21:52:31,17.23,100.0
2024-08-03T21:55:03,17.13,100.0
2024-08-03T21:57:35,17.03,100.0
2024-08-03T22:00:06,16.92,100.0
2024-08-03T22:02:37,16.78,100.0
2024-08-03T22:05:09,16.62,100.0
2024-08-03T22:07:40,16.57,100.0
2024-08-03T22:10:12,16.56,100.0
2024-08-03T22:12:43,16.52,100.0
2024-08-03T22:15:15,16.54,100.0
2024-08-03T22:17:46,16.69,100.0
2024-08-03T22:20:18,16.88,100.0
2024-08-03T22:22:49,16.97,100.0
2024-08-03T22:25:21,17.14,100.0
2024-08-03T22:27:53,17.27,100.0
2024-08-03T22:30:24,17.28,100.0
2024-08-03T22:32:56,17.23,100.0
2024-08-03T22:35:27,17.17,100.0
2024-08-03T22:37:59,17.18,100.0
2024-08-03T22:40:30,17.11,100.0
2024-08-03T22:43:02,17.03,100.0
2024-08-03T22:45:33,16.92,100.0
2024-08-03T22:48:05,16.89,100.0
2024-08-03T22:50:36,16.73,100.0
2024-08-03T22:53:08,16.68,100.0
2024-08-03T22:55:39,16.61,100.0
2024-08-03T22:58:11,16.57,100.0
2024-08-03T23:00:42,16.55,100.0
2024-08-03T23:03:14,16.42,100.0
2024-08-03T23:05:45,16.37,100.0
2024-08-03T23:08:17,16.28,100.0
2024-08-03T23:10:48,16.2,100.0
2024-08-03T23:13:20,16.17,100.0
2024-08-03T23:15:51,16.12,100.0
2024-08-03T23:18:23,16.12,100.0
2024-08-03T23:20:54,16.12,100.0
2024-08-03T23:23:25,16.11,100.0
2024-08-03T23:25:57,16.14,100.0
2024-08-03T23:28:28,16.05,100.0
2024-08-03T23:31:00,16.03,100.0
2024-08-03T23:33:31,16.01,100.0
2024-08-03T23:36:03,15.98,100.0
2024-08-03T23:38:34,15.81,100.0
2024-08-03T23:41:06,15.76,100.0
2024-08-03T23:43:37,15.74,100.0
2024-08-03T23:46:09,15.75,100.0
2024-08-03T23:48:40,15.67,100.0
2024-08-03T23:51:12,15.75,100.0
2024-08-03T23:53:43,15.7,100.0
2024-08-03T23:56:14,15.79,100.0
2024-08-03T23:58:46,15.72,100.0
2024-08-04T00:01:17,15.65,100.0
2024-08-04T00:03:49,15.6,100.0
2024-08-04T00:06:20,15.6,100.0
2024-08-04T00:08:52,15.61,100.0
2024-08-04T00:11:23,15.7,100.0
2024-08-04T00:13:55,15.63,100.0
2024-08-04T00:16:26,15.41,100.0
2024-08-04T00:18:58,15.26,100.0
2024-08-04T00:21:29,15.23,100.0
2024-08-04T00:24:01,15.2,100.0
2024-08-04T00:26:32,15.15,100.0
2024-08-04T00:29:03,15.03,100.0
2024-08-04T00:31:35,14.94,100.0
2024-08-04T00:34:07,14.88,100.0
2024-08-04T00:36:39,14.86,100.0
2024-08-04T00:39:10,14.87,100.0
2024-08-04T00:41:42,14.84,100.0
2024-08-04T00:44:13,14.79,100.0
2024-08-04T00:46:45,14.72,100.0
2024-08-04T00:49:16,14.75,100.0
2024-08-04T00:51:48,14.74,100.0
2024-08-04T00:54:19,14.68,100.0
2024-08-04T00:56:51,14.69,100.0
2024-08-04T00:59:22,14.68,100.0
2024-08-04T01:01:54,14.69,100.0
2024-08-04T01:04:25,14.69,100.0
2024-08-04T01:06:57,14.73,100.0
2024-08-04T01:09:28,14.71,100.0
2024-08-04T01:12:00,14.7,100.0
2024-08-04T01:14:31,14.69,100.0
2024-08-04T01:17:03,14.67,100.0
2024-08-04T01:19:34,14.69,100.0
2024-08-04T01:22:05,14.66,100.0
2024-08-04T01:24:37,14.63,100.0
2024-08-04T01:27:08,14.53,100.0
2024-08-04T01:29:40,14.48,100.0
2024-08-04T01:32:11,14.43,100.0
2024-08-04T01:34:43,14.35,100.0
2024-08-04T01:37:14,14.3,100.0
2024-08-04T01:39:46,14.3,100.0
2024-08-04T01:42:17,14.33,100.0
2024-08-04T01:44:48,14.31,100.0
2024-08-04T01:47:20,14.36,100.0
2024-08-04T01:49:51,14.35,100.0
2024-08-04T01:52:23,14.34,100.0
2024-08-04T01:54:54,14.32,100.0
2024-08-04T01:57:26,14.33,100.0
2024-08-04T01:59:57,14.27,100.0
2024-08-04T02:02:28,14.29,100.0
2024-08-04T02:05:00,14.32,100.0
2024-08-04T02:07:31,14.3,100.0
2024-08-04T02:10:03,14.28,100.0
2024-08-04T02:12:34,14.25,100.0
2024-08-04T02:15:06,14.26,100.0
2024-08-04T02:17:37,14.2,100.0
2024-08-04T02:20:09,14.21,100.0
2024-08-04T02:22:40,14.16,100.0
2024-08-04T02:25:12,14.07,100.0
2024-08-04T02:27:43,14.06,100.0
2024-08-04T02:30:14,14.01,100.0
2024-08-04T02:32:46,14.03,100.0
2024-08-04T02:35:17,14.03,100.0
2024-08-04T02:37:49,14.02,100.0
2024-08-04T02:40:20,14.02,100.0
2024-08-04T02:42:52,14.0,100.0
2024-08-04T02:45:23,13.96,100.0
2024-08-04T02:47:55,13.9,100.0
2024-08-04T02:50:26,13.86,100.0
2024-08-04T02:52:57,13.85,100.0
2024-08-04T02:55:29,13.85,100.0
2024-08-04T02:58:00,13.77,100.0
2024-08-04T03:00:32,13.74,100.0
2024-08-04T03:03:03,13.73,100.0
2024-08-04T03:05:35,13.73,100.0
2024-08-04T03:08:06,13.68,100.0
2024-08-04T03:10:38,13.61,100.0
2024-08-04T03:13:09,13.63,100.0
2024-08-04T03:15:41,13.61,100.0
2024-08-04T03:18:12,13.55,100.0
2024-08-04T03:20:44,13.6,100.0
2024-08-04T03:23:15,13.57,100.0
2024-08-04T03:25:47,13.56,100.0
2024-08-04T03:28:18,13.57,100.0
2024-08-04T03:30:49,13.58,100.0
2024-08-04T03:33:21,13.57,100.0
2024-08-04T03:35:53,13.6,100.0
2024-08-04T03:38:24,13.6,100.0
2024-08-04T03:40:56,13.59,100.0
2024-08-04T03:43:27,13.59,100.0
2024-08-04T03:45:59,13.65,100.0
2024-08-04T03:48:30,13.67,100.0
2024-08-04T03:51:02,13.73,100.0
2024-08-04T03:53:33,13.72,100.0
2024-08-04T03:56:05,13.72,100.0
2024-08-04T03:58:36,13.8,100.0
2024-08-04T04:01:08,13.81,100.0
2024-08-04T04:03:39,13.84,100.0
2024-08-04T04:06:11,13.86,100.0
2024-08-04T04:08:42,13.89,100.0
2024-08-04T04:11:13,13.96,100.0
2024-08-04T04:13:45,13.98,100.0
2024-08-04T04:16:16,14.01,100.0
2024-08-04T04:18:48,14.03,100.0
2024-08-04T04:21:19,14.06,100.0
2024-08-04T04:23:51,14.11,100.0
2024-08-04T04:26:22,14.12,100.0
2024-08-04T04:28:54,14.16,100.0
2024-08-04T04:31:30,14.21,100.0
2024-08-04T04:34:01,14.26,100.0
2024-08-04T04:36:33,14.32,100.0
2024-08-04T04:39:04,14.32,100.0
2024-08-04T04:41:36,14.38,100.0
2024-08-04T04:44:07,14.41,100.0
2024-08-04T04:46:39,14.43,100.0
2024-08-04T04:49:10,14.46,100.0
2024-08-04T04:51:42,14.48,100.0
2024-08-04T04:54:13,14.56,100.0
2024-08-04T04:56:45,14.61,100.0
2024-08-04T04:59:17,14.65,100.0
2024-08-04T05:01:48,14.63,100.0
2024-08-04T05:04:19,14.69,100.0
2024-08-04T05:06:51,14.72,100.0
2024-08-04T05:09:22,14.81,100.0
2024-08-04T05:11:54,14.86,100.0
2024-08-04T05:14:26,14.9,100.0
2024-08-04T05:16:57,15.03,100.0
2024-08-04T05:19:29,15.06,100.0
2024-08-04T05:22:00,15.13,100.0
2024-08-04T05:24:31,15.22,100.0
2024-08-04T05:27:03,15.26,100.0
2024-08-04T05:29:34,15.3,100.0
2024-08-04T05:32:06,15.34,100.0
2024-08-04T05:34:37,15.45,100.0
2024-08-04T05:37:09,15.48,100.0
2024-08-04T05:39:40,15.54,100.0
2024-08-04T05:42:12,15.64,100.0
2024-08-04T05:44:43,15.66,100.0
2024-08-04T05:47:15,15.7,100.0
2024-08-04T05:49:46,15.71,100.0
2024-08-04T05:52:17,15.74,100.0
2024-08-04T05:54:49,15.77,100.0
2024-08-04T05:57:20,15.82,100.0
2024-08-04T05:59:52,15.85,100.0
2024-08-04T06:02:23,15.93,100.0
2024-08-04T06:04:55,15.94,100.0
2024-08-04T06:07:26,15.86,100.0
2024-08-04T06:09:58,15.87,100.0
2024-08-04T06:12:29,15.87,100.0
2024-08-04T06:15:01,15.87,100.0
2024-08-04T06:17:32,15.91,100.0
2024-08-04T06:20:04,16.04,100.0
2024-08-04T06:22:35,16.06,100.0
2024-08-04T06:25:07,16.14,100.0
2024-08-04T06:27:38,16.18,100.0
2024-08-04T06:30:10,16.16,100.0
2024-08-04T06:32:41,16.28,100.0
2024-08-04T06:35:12,16.39,100.0
2024-08-04T06:37:44,16.44,100.0
2024-08-04T06:40:16,16.57,100.0
2024-08-04T06:42:47,16.66,100.0
2024-08-04T06:45:19,16.79,100.0
2024-08-04T06:47:50,16.9,100.0
2024-08-04T06:50:22,16.97,100.0
2024-08-04T06:52:53,17.02,100.0
2024-08-04T06:55:25,16.97,100.0
2024-08-04T06:57:56,17.14,100.0
2024-08-04T07:00:28,17.24,100.0
2024-08-04T07:02:59,17.32,100.0
2024-08-04T07:05:31,17.32,100.0
2024-08-04T07:08:02,17.37,100.0
2024-08-04T07:10:34,17.33,100.0
2024-08-04T07:13:05,17.3,100.0
2024-08-04T07:15:36,17.35,100.0
2024-08-04T07:18:08,17.34,100.0
2024-08-04T07:20:40,17.39,100.0
2024-08-04T07:23:11,17.48,100.0
2024-08-04T07:25:42,17.55,100.0
2024-08-04T07:28:15,17.71,100.0
2024-08-04T07:30:46,17.83,100.0
2024-08-04T07:33:18,17.99,100.0
2024-08-04T07:35:49,18.15,100.0
2024-08-04T07:38:21,18.29,100.0
2024-08-04T07:40:52,18.44,100.0
2024-08-04T07:43:24,18.53,100.0
2024-08-04T07:45:55,18.58,100.0
2024-08-04T07:48:27,18.63,100.0
2024-08-04T07:50:58,18.54,100.0
2024-08-04T07:53:30,18.56,100.0
2024-08-04T07:56:01,18.66,100.0
2024-08-04T07:58:33,18.55,100.0
2024-08-04T08:01:04,18.51,100.0
2024-08-04T08:03:35,18.55,100.0
2024-08-04T08:06:07,18.63,100.0
2024-08-04T08:08:38,18.74,100.0
2024-08-04T08:11:10,18.86,100.0
2024-08-04T08:13:41,19.07,100.0
2024-08-04T08:16:13,19.25,100.0
2024-08-04T08:18:44,19.26,100.0
2024-08-04T08:21:16,19.13,100.0
2024-08-04T08:23:47,19.11,100.0
2024-08-04T08:26:19,19.08,100.0
2024-08-04T08:28:50,18.92,100.0
2024-08-04T08:31:21,18.91,100.0
2024-08-04T08:33:53,18.86,100.0
2024-08-04T08:36:25,18.79,100.0
2024-08-04T08:38:56,18.79,100.0
2024-08-04T08:41:28,18.72,100.0
2024-08-04T08:43:59,18.68,100.0
2024-08-04T08:46:30,18.56,100.0
2024-08-04T08:49:02,18.44,100.0
2024-08-04T08:51:33,18.45,100.0
2024-08-04T08:54:05,18.57,100.0
2024-08-04T08:56:36,18.83,100.0
2024-08-04T08:59:08,18.99,100.0
2024-08-04T09:01:39,19.25,100.0
2024-08-04T09:04:11,19.58,100.0
2024-08-04T09:06:42,19.72,100.0
2024-08-04T09:09:14,19.9,100.0
2024-08-04T09:11:45,20.09,100.0
2024-08-04T09:14:17,20.13,100.0
2024-08-04T09:16:48,20.31,100.0
2024-08-04T09:19:20,20.77,100.0
2024-08-04T09:21:51,21.09,100.0
2024-08-04T09:24:22,21.06,100.0
2024-08-04T09:26:54,21.08,100.0
2024-08-04T09:29:25,21.33,100.0
2024-08-04T09:31:57,21.45,100.0
2024-08-04T09:34:28,21.55,100.0
2024-08-04T09:37:00,21.68,100.0
2024-08-04T09:39:31,21.76,100.0
2024-08-04T09:42:03,21.85,100.0
2024-08-04T09:44:34,22.17,100.0
2024-08-04T09:47:06,22.52,100.0
2024-08-04T09:49:37,22.87,100.0
2024-08-04T09:52:09,24.25,100.0
2024-08-04T09:54:41,25.37,100.0
2024-08-04T09:57:12,26.24,100.0
2024-08-04T09:59:44,25.4,100.0
2024-08-04T10:02:15,26.04,100.0
2024-08-04T10:04:47,25.3,100.0
2024-08-04T10:07:18,24.55,100.0
2024-08-04T10:09:50,24.0,100.0
2024-08-04T10:12:21,23.7,100.0
2024-08-04T10:14:53,23.37,100.0
2024-08-04T10:17:25,23.25,100.0
2024-08-04T10:19:56,25.61,100.0
2024-08-04T10:22:27,27.86,100.0
2024-08-04T10:24:59,27.61,100.0
2024-08-04T10:27:30,26.6,100.0
2024-08-04T10:30:02,26.1,100.0
2024-08-04T10:32:33,25.93,100.0
2024-08-04T10:35:05,26.88,100.0
2024-08-04T10:37:36,28.4,100.0
2024-08-04T10:40:08,29.77,100.0
2024-08-04T10:42:39,30.57,100.0
2024-08-04T10:45:11,29.88,100.0
2024-08-04T10:47:42,28.32,100.0
2024-08-04T10:50:14,27.57,100.0
2024-08-04T10:52:45,26.9,100.0
2024-08-04T10:55:17,26.07,100.0
2024-08-04T10:57:49,25.63,100.0
2024-08-04T11:00:20,25.93,100.0
2024-08-04T11:02:52,27.45,100.0
2024-08-04T11:05:23,27.55,100.0
2024-08-04T11:07:55,27.8,100.0
2024-08-04T11:10:26,28.35,100.0
2024-08-04T11:12:57,29.52,100.0
2024-08-04T11:15:29,30.24,100.0
2024-08-04T11:18:00,30.98,100.0
2024-08-04T11:20:32,32.14,100.0
2024-08-04T11:23:03,31.15,100.0
2024-08-04T11:25:35,29.6,100.0
2024-08-04T11:28:06,29.34,100.0
2024-08-04T11:30:38,30.37,100.0
2024-08-04T11:33:09,31.28,100.0
2024-08-04T11:35:41,32.02,100.0
2024-08-04T11:38:12,30.57,100.0
2024-08-04T11:40:43,30.19,100.0
2024-08-04T11:43:15,31.48,100.0
2024-08-04T11:45:47,32.12,100.0
2024-08-04T11:48:18,32.49,100.0
2024-08-04T11:50:50,32.9,100.0
2024-08-04T11:53:21,33.47,100.0
2024-08-04T11:55:53,33.96,100.0
2024-08-04T11:58:24,32.5,100.0
2024-08-04T12:00:56,30.6,100.0
2024-08-04T12:03:27,29.79,100.0
2024-08-04T12:05:59,29.74,100.0
2024-08-04T12:08:30,28.68,100.0
2024-08-04T12:11:02,29.36,100.0
2024-08-04T12:13:33,30.77,100.0
2024-08-04T12:16:05,31.48,100.0
2024-08-04T12:18:36,32.07,100.0
2024-08-04T12:21:08,32.61,100.0
2024-08-04T12:23:39,32.95,100.0
2024-08-04T12:26:11,32.92,100.0
2024-08-04T12:28:42,33.15,100.0
2024-08-04T12:31:13,33.22,100.0
2024-08-04T12:33:45,32.68,100.0
2024-08-04T12:36:16,32.5,100.0
2024-08-04T12:38:48,32.3,100.0
2024-08-04T12:41:19,32.21,100.0
2024-08-04T12:43:51,32.29,100.0
2024-08-04T12:46:23,32.36,100.0
2024-08-04T12:48:54,32.11,100.0
2024-08-04T12:51:26,31.99,100.0
2024-08-04T12:53:57,31.63,100.0
2024-08-04T12:56:29,30.61,100.0
2024-08-04T12:59:00,29.07,100.0
2024-08-04T13:01:32,28.02,100.0
2024-08-04T13:04:03,28.4,100.0
2024-08-04T13:06:35,28.63,100.0
2024-08-04T13:09:06,28.75,100.0
2024-08-04T13:11:38,28.72,100.0
2024-08-04T13:14:09,28.83,100.0
2024-08-04T13:16:41,28.9,100.0
2024-08-04T13:19:12,28.97,100.0
2024-08-04T13:21:43,28.5,100.0
2024-08-04T13:24:15,28.45,100.0
2024-08-04T13:26:46,28.26,100.0
2024-08-04T13:29:18,27.97,100.0
2024-08-04T13:31:49,27.43,100.0
2024-08-04T13:34:21,27.38,100.0
2024-08-04T13:36:52,27.56,100.0
2024-08-04T13:39:24,27.44,100.0
2024-08-04T13:41:55,27.08,100.0
2024-08-04T13:44:26,27.08,100.0
2024-08-04T13:46:58,26.86,100.0
2024-08-04T13:49:29,26.62,100.0
2024-08-04T13:52:01,26.61,100.0
2024-08-04T13:54:32,26.55,100.0
2024-08-04T13:57:04,26.25,100.0
